phi,thetha,r,t
-72.5742567667559,90.1425344276575,632127.347744981,0.1
-72.5758351041738,90.1426174925642,632156.604471405,0.2
-72.5774132959565,90.1427005496976,632185.7733003,0.3
-72.5789913425628,90.1427835990818,632214.854231599,0.4
-72.5805692444516,90.1428666407408,632243.847273416,0.5
-72.5821470020814,90.142949674699,632272.752433839,0.6
-72.5837246159105,90.1430327009801,632301.569720932,0.7
-72.585302086397,90.1431157196085,632330.299142732,0.8
-72.5868794139986,90.1431987306081,632358.940707251,0.9
-72.5884565991731,90.143281734003,632387.494422476,1
-72.5900336423779,90.1433647298172,632415.960296368,1.1
-72.5916105440702,90.1434477180748,632444.338336863,1.2
-72.5931873047068,90.1435306987997,632472.628551872,1.3
-72.5947639247447,90.143613672016,632500.830949279,1.4
-72.5963404046403,90.1436966377477,632528.945536944,1.5
-72.5979167448499,90.1437795960187,632556.972322701,1.6
-72.5994929458296,90.143862546853,632584.91131436,1.7
-72.6010690080354,90.1439454902746,632612.762519703,1.8
-72.6026449319229,90.1440284263074,632640.52594649,1.9
-72.6042207179475,90.1441113549754,632668.201602452,2
-72.6057963665645,90.1441942763024,632695.789495299,2.1
-72.6073718782289,90.1442771903124,632723.28963271,2.2
-72.6089472533956,90.1443600970293,632750.702022345,2.3
-72.6105224925191,90.144442996477,632778.026671834,2.4
-72.6120975960538,90.1445258886794,632805.263588784,2.5
-72.6136725644539,90.1446087736602,632832.412780776,2.6
-72.6152473981734,90.1446916514435,632859.474255366,2.7
-72.6168220976661,90.1447745220529,632886.448020086,2.8
-72.6183966633855,90.1448573855125,632913.334082439,2.9
-72.6199710957849,90.1449402418459,632940.132449907,3
-72.6215453953176,90.145023091077,632966.843129945,3.1
-72.6231195624363,90.1451059332296,632993.466129983,3.2
-72.624693597594,90.1451887683275,633020.001457425,3.3
-72.6262675012431,90.1452715963944,633046.449119651,3.4
-72.6278412738359,90.1453544174542,633072.809124015,3.5
-72.6294149158246,90.1454372315306,633099.081477847,3.6
-72.630988427661,90.1455200386473,633125.266188452,3.7
-72.632561809797,90.1456028388282,633151.363263107,3.8
-72.634135062684,90.1456856320968,633177.372709067,3.9
-72.6357081867733,90.1457684184769,633203.294533561,4
-72.6372811825161,90.1458511979922,633229.128743792,4.1
-72.6388540503633,90.1459339706665,633254.87534694,4.2
-72.6404267907656,90.1460167365234,633280.534350157,4.3
-72.6419994041736,90.1460994955865,633306.105760573,4.4
-72.6435718910376,90.1461822478796,633331.589585292,4.5
-72.6451442518077,90.1462649934263,633356.98583139,4.6
-72.6467164869338,90.1463477322502,633382.294505923,4.7
-72.6482885968658,90.1464304643749,633407.515615919,4.8
-72.6498605820532,90.1465131898242,633432.649168381,4.9
-72.6514324429453,90.1465959086216,633457.695170287,5
-72.6530041799913,90.1466786207906,633482.653628592,5.1
-72.6545757936403,90.146761326355,633507.524550223,5.2
-72.6561472843409,90.1468440253382,633532.307942085,5.3
-72.6577186525419,90.1469267177638,633557.003811056,5.4
-72.6592898986915,90.1470094036555,633581.612163991,5.5
-72.6608610232381,90.1470920830367,633606.133007717,5.6
-72.6624320266297,90.1471747559311,633630.566349038,5.7
-72.6640029093142,90.147257422362,633654.912194735,5.8
-72.6655736717391,90.1473400823531,633679.170551561,5.9
-72.6671443143521,90.1474227359279,633703.341426244,5.99999999999999
-72.6687148376003,90.1475053831098,633727.424825491,6.09999999999999
-72.670285241931,90.1475880239224,633751.42075598,6.19999999999999
-72.671855527791,90.1476706583891,633775.329224366,6.29999999999999
-72.673425695627,90.1477532865334,633799.150237278,6.39999999999999
-72.6749957458858,90.1478359083788,633822.883801322,6.49999999999999
-72.6765656790136,90.1479185239487,633846.529923079,6.59999999999999
-72.6787825007588,90.1480176355515,633870.088609103,6.69999999999999
-72.679705195661,90.1480837363559,633893.559865925,6.79999999999999
-72.6812747800725,90.14816633324,633916.943700051,6.89999999999999
-72.6828442491368,90.1482489239423,633940.240117962,6.99999999999999
-72.6844136032994,90.1483315084863,633963.449126114,7.09999999999999
-72.6859828430056,90.1484140868954,633986.570730939,7.19999999999999
-72.6875519687007,90.1484966591929,634009.604938844,7.29999999999999
-72.6891209808294,90.1485792254022,634032.551756211,7.39999999999999
-72.6906898798367,90.1486617855466,634055.411189396,7.49999999999999
-72.6922586661672,90.1487443396496,634078.183244733,7.59999999999999
-72.6938273402653,90.1488268877345,634100.86792853,7.69999999999999
-72.6953959025753,90.1489094298247,634123.465247069,7.79999999999999
-72.6969643535412,90.1489919659433,634145.97520661,7.89999999999999
-72.6985326936071,90.1490744961139,634168.397813385,7.99999999999999
-72.7001009232167,90.1491570203597,634190.733073605,8.09999999999999
-72.7016690428136,90.1492395387039,634212.980993453,8.19999999999999
-72.7032370528412,90.14932205117,634235.14157909,8.29999999999999
-72.7048049537428,90.1494045577812,634257.214836651,8.39999999999999
-72.7063727459614,90.1494870585607,634279.200772246,8.49999999999999
-72.7079404299401,90.1495695535318,634301.099391962,8.59999999999999
-72.7095080061215,90.1496520427178,634322.910701859,8.69999999999999
-72.7110754749482,90.149734526142,634344.634707975,8.79999999999998
-72.7126428368628,90.1498170038276,634366.271416321,8.89999999999998
-72.7142100923074,90.1498994757978,634387.820832885,8.99999999999998
-72.7157772417241,90.1499819420758,634409.28296363,9.09999999999998
-72.717344285555,90.1500644026848,634430.657814495,9.19999999999998
-72.7189112242417,90.1501468576482,634451.945391393,9.29999999999998
-72.7204780582259,90.150229306989,634473.145700213,9.39999999999998
-72.722044787949,90.1503117507305,634494.258746821,9.49999999999998
-72.7236114138525,90.1503941888958,634515.284537057,9.59999999999998
-72.7251779363773,90.1504766215082,634536.223076736,9.69999999999998
-72.7267443559646,90.1505590485907,634557.07437165,9.79999999999998
-72.728310673055,90.1506414701665,634577.838427564,9.89999999999998
-72.7298768880894,90.1507238862589,634598.515250223,9.99999999999998
-72.7314430015081,90.1508062968909,634619.104845342,10.1
-72.7330090137516,90.1508887020856,634639.607218616,10.2
-72.73457492526,90.1509711018662,634660.022375713,10.3
-72.7361407364735,90.1510534962558,634680.350322277,10.4
-72.7377064478319,90.1511358852776,634700.591063929,10.5
-72.739272059775,90.1512182689545,634720.744606263,10.6
-72.7408375727423,90.1513006473098,634740.810954851,10.7
-72.7424029871733,90.1513830203664,634760.790115239,10.8
-72.7439683035073,90.1514653881474,634780.68209295,10.9
-72.7455335221834,90.151547750676,634800.48689348,11
-72.7470986436407,90.1516301079752,634820.204522304,11.1
-72.7486636683179,90.1517124600681,634839.83498487,11.2
-72.7502285966538,90.1517948069776,634859.378286603,11.3
-72.751793429087,90.1518771487268,634878.834432902,11.4
-72.7533581660557,90.1519594853388,634898.203429145,11.5
-72.7549228079984,90.1520418168365,634917.485280681,11.6
-72.7564873553531,90.152124143243,634936.679992839,11.7
-72.7580518085577,90.1522064645813,634955.787570921,11.8
-72.7596161680502,90.1522887808744,634974.808020205,11.9
-72.7611804342682,90.1523710921452,634993.741345945,12
-72.7627446076492,90.1524533984168,635012.587553371,12.1
-72.7643086886306,90.1525356997121,635031.346647689,12.2
-72.7658726776498,90.1526179960541,635050.01863408,12.3
-72.7674365751437,90.1527002874658,635068.6035177,12.4
-72.7690003815495,90.1527825739701,635087.101303683,12.5
-72.7705640973039,90.1528648555899,635105.511997135,12.6
-72.7721277228437,90.1529471323482,635123.835603142,12.7
-72.7736912586054,90.1530294042679,635142.072126763,12.8
-72.7752547050254,90.153111671372,635160.221573033,12.9
-72.7768180625401,90.1531939336833,635178.283946964,13
-72.7783813315857,90.1532761912248,635196.259253542,13.1
-72.779944512598,90.1533584440193,635214.147497731,13.2
-72.7815076060131,90.1534406920898,635231.948684469,13.3
-72.7830706122667,90.1535229354592,635249.66281867,13.4
-72.7846335317944,90.1536051741503,635267.289905224,13.5
-72.7861963650317,90.1536874081859,635284.829948997,13.6
-72.787759112414,90.1537696375891,635302.282954831,13.7
-72.7893217743765,90.1538518623825,635319.648927543,13.8
-72.7908843513544,90.1539340825892,635336.927871927,13.9
-72.7924468437825,90.1540162982318,635354.119792751,14
-72.7940092520957,90.1540985093334,635371.224694761,14.1
-72.7955715767289,90.1541807159166,635388.242582677,14.2
-72.7971338181165,90.1542629180043,635405.173461197,14.3
-72.7986959766929,90.1543451156193,635422.017334992,14.4
-72.8002580528927,90.1544273087845,635438.77420871,14.5
-72.8018200471499,90.1545094975226,635455.444086977,14.6
-72.8033819598987,90.1545916818565,635472.026974392,14.7
-72.804943791573,90.1546738618089,635488.522875531,14.8
-72.8065055426067,90.1547560374027,635504.931794946,14.9
-72.8080672134335,90.1548382086605,635521.253737165,15
-72.809628804487,90.1549203756052,635537.488706691,15.1
-72.8111903162007,90.1550025382595,635553.636708004,15.2
-72.8127517490079,90.1550846966463,635569.697745559,15.3
-72.8143131033418,90.1551668507881,635585.671823788,15.4
-72.8158743796357,90.1552490007079,635601.558947099,15.5
-72.8174355783225,90.1553311464283,635617.359119873,15.6
-72.818996699835,90.155413287972,635633.072346472,15.7
-72.8205577446061,90.1554954253618,635648.698631229,15.8
-72.8221187130684,90.1555775586205,635664.237978456,15.9
-72.8236796056545,90.1556596877707,635679.69039244,16
-72.8252404227967,90.155741812835,635695.055877444,16.1
-72.8268011649273,90.1558239338364,635710.334437706,16.2
-72.8283618324786,90.1559060507973,635725.526077443,16.3
-72.8299224258827,90.1559881637406,635740.630800844,16.4
-72.8314829455715,90.1560702726889,635755.648612078,16.5
-72.8330433919768,90.1561523776649,635770.579515286,16.6
-72.8346037655304,90.1562344786912,635785.423514589,16.7
-72.836164066664,90.1563165757905,635800.18061408,16.8
-72.8377242958091,90.1563986689856,635814.85081783,16.9
-72.839284453397,90.1564807582989,635829.434129888,17
-72.8408445398591,90.1565628437533,635843.930554276,17.1
-72.8424045556266,90.1566449253712,635858.340094992,17.2
-72.8439645011306,90.1567270031754,635872.662756013,17.3
-72.8455243768021,90.1568090771886,635886.898541289,17.4
-72.847084183072,90.1568911474332,635901.047454748,17.5
-72.8486439203709,90.156973213932,635915.109500293,17.6
-72.8502035891297,90.1570552767075,635929.084681802,17.7
-72.8517631897789,90.1571373357824,635942.973003133,17.8
-72.8533227227488,90.1572193911793,635956.774468116,17.9
-72.8548821884701,90.1573014429207,635970.489080559,18
-72.8564415873727,90.1573834910293,635984.116844245,18.1
-72.858000919887,90.1574655355276,635997.657762934,18.2
-72.859560186443,90.1575475764382,636011.111840363,18.3
-72.8611193874706,90.1576296137838,636024.479080242,18.4
-72.8626785233998,90.1577116475868,636037.759486262,18.5
-72.8642375946602,90.1577936778698,636050.953062085,18.6
-72.8657966016816,90.1578757046555,636064.059811351,18.7
-72.8673555448934,90.1579577279663,636077.079737678,18.8
-72.8689144247253,90.1580397478248,636090.012844658,18.9
-72.8704732416065,90.1581217642536,636102.85913586,19
-72.8720319959664,90.1582037772751,636115.618614828,19.1
-72.873590688234,90.158285786912,636128.291285084,19.2
-72.8751493188386,90.1583677931867,636140.877150125,19.3
-72.8767078882092,90.1584497961218,636153.376213424,19.4
-72.8782663967746,90.1585317957398,636165.788478431,19.5
-72.8798248449636,90.1586137920632,636178.113948572,19.6
-72.8813832332049,90.1586957851145,636190.352627248,19.7
-72.8829415619273,90.1587777749162,636202.504517837,19.8
-72.8844998315593,90.1588597614909,636214.569623694,19.9
-72.8860580425292,90.1589417448609,636226.547948149,20
-72.8876161952656,90.1590237250489,636238.439494509,20.1
-72.8891742901965,90.1591057020773,636250.244266057,20.2
-72.8907323277504,90.1591876759686,636261.962266051,20.3
-72.8922903083551,90.1592696467452,636273.593497727,20.4
-72.8938482324389,90.1593516144296,636285.137964296,20.5
-72.8954061004295,90.1594335790443,636296.595668947,20.6
-72.896963912755,90.1595155406118,636307.966614842,20.7
-72.8985216698429,90.1595974991545,636319.250805123,20.8
-72.900079372121,90.1596794546948,636330.448242905,20.9
-72.9016370200169,90.1597614072553,636341.558931281,21
-72.9031946139582,90.1598433568583,636352.582873321,21.1
-72.9047521543722,90.1599253035264,636363.520072068,21.2
-72.9063096416863,90.1600072472818,636374.370530545,21.3
-72.9078670763278,90.1600891881471,636385.134251749,21.4
-72.9094244587239,90.1601711261447,636395.811238655,21.5
-72.9109817893018,90.160253061297,636406.401494211,21.6
-72.9125390684883,90.1603349936265,636416.905021345,21.7
-72.9140962967105,90.1604169231555,636427.32182296,21.8
-72.9156534743954,90.1604988499065,636437.651901934,21.9
-72.9172106019696,90.1605807739018,636447.895261123,22
-72.91876767986,90.1606626951639,636458.051903357,22.1
-72.9203247084931,90.1607446137151,636468.121831446,22.2
-72.9218816882956,90.1608265295779,636478.105048174,22.3
-72.923438619694,90.1609084427747,636488.0015563,22.4
-72.9249955031148,90.1609903533278,636497.811358561,22.5000000000001
-72.9265523389842,90.1610722612596,636507.534457671,22.6000000000001
-72.9281091277286,90.1611541665925,636517.170856319,22.7000000000001
-72.9296658697742,90.1612360693489,636526.720557171,22.8000000000001
-72.9312225655471,90.1613179695511,636536.183562868,22.9000000000001
-72.9327792154735,90.1613998672215,636545.55987603,23.0000000000001
-72.9343358199794,90.1614817623825,636554.84949925,23.1000000000001
-72.9358923794906,90.1615636550564,636564.0524351,23.2000000000001
-72.9374488944331,90.1616455452656,636573.168686127,23.3000000000001
-72.9390053652328,90.1617274330325,636582.198254855,23.4000000000001
-72.9405617923152,90.1618093183793,636591.141143784,23.5000000000001
-72.9421181761061,90.1618912013284,636599.99735539,23.6000000000001
-72.9436745170312,90.1619730819022,636608.766892127,23.7000000000001
-72.9452308155159,90.1620549601231,636617.449756423,23.8000000000001
-72.9467870719858,90.1621368360132,636626.045950683,23.9000000000001
-72.9483432868663,90.1622187095951,636634.55547729,24.0000000000001
-72.9498994605826,90.1623005808909,636642.978338601,24.1000000000001
-72.9514555935603,90.162382449923,636651.314536952,24.2000000000001
-72.9530116862243,90.1624643167138,636659.564074653,24.3000000000001
-72.954567739,90.1625461812856,636667.726953992,24.4000000000001
-72.9561237523125,90.1626280436606,636675.803177232,24.5000000000001
-72.9576797265868,90.1627099038613,636683.792746613,24.6000000000001
-72.9592356622479,90.1627917619098,636691.695664352,24.7000000000001
-72.9607915597207,90.1628736178285,636699.511932642,24.8000000000001
-72.9623474194301,90.1629554716397,636707.241553652,24.9000000000001
-72.963903241801,90.1630373233657,636714.884529528,25.0000000000001
-72.9654590272581,90.1631191730288,636722.440862391,25.1000000000001
-72.9670147762261,90.1632010206513,636729.91055434,25.2000000000001
-72.9685704891297,90.1632828662554,636737.293607451,25.3000000000001
-72.9701261663935,90.1633647098635,636744.590023774,25.4000000000001
-72.971681808442,90.1634465514979,636751.799805338,25.5000000000001
-72.9732374156998,90.1635283911808,636758.922954145,25.6000000000001
-72.9747929885912,90.1636102289344,636765.959472178,25.7000000000001
-72.9763485275407,90.1636920647812,636772.909361392,25.8000000000001
-72.9779040329725,90.1637738987433,636779.772623721,25.9000000000001
-72.9794595053111,90.163855730843,636786.549261075,26.0000000000001
-72.9810149449806,90.1639375611025,636793.239275341,26.1000000000001
-72.9825703524052,90.1640193895443,636799.84266838,26.2000000000001
-72.9841257280091,90.1641012161904,636806.359442033,26.3000000000001
-72.9856810722164,90.1641830410632,636812.789598114,26.4000000000001
-72.9872363854511,90.1642648641849,636819.133138416,26.5000000000001
-72.9887916681371,90.1643466855777,636825.390064707,26.6000000000001
-72.9903469206986,90.164428505264,636831.560378732,26.7000000000001
-72.9919021435593,90.164510323266,636837.644082212,26.8000000000001
-72.9934573371431,90.1645921396058,636843.641176846,26.9000000000001
-72.9950125018739,90.1646739543059,636849.551664307,27.0000000000001
-72.9965676381755,90.1647557673883,636855.375546246,27.1000000000001
-72.9981227464715,90.1648375788753,636861.112824291,27.2000000000001
-72.9996778271856,90.1649193887892,636866.763500044,27.3000000000001
-73.0012328807416,90.1650011971523,636872.327575087,27.4000000000001
-73.002787907563,90.1650830039866,636877.805050975,27.5000000000001
-73.0043429080734,90.1651648093145,636883.195929242,27.6000000000001
-73.0058978826963,90.1652466131582,636888.500211398,27.7000000000001
-73.0074528318552,90.1653284155399,636893.717898928,27.8000000000001
-73.0090077559736,90.1654102164819,636898.848993294,27.9000000000001
-73.0105626554748,90.1654920160063,636903.893495936,28.0000000000001
-73.0121175307823,90.1655738141354,636908.85140827,28.1000000000001
-73.0136723823194,90.1656556108913,636913.722731686,28.2000000000001
-73.0152272105094,90.1657374062964,636918.507467554,28.3000000000001
-73.0167820157755,90.1658192003728,636923.205617219,28.4000000000001
-73.0183367985411,90.1659009931427,636927.817182001,28.5000000000001
-73.0198915592293,90.1659827846283,636932.342163199,28.6000000000001
-73.0214462982632,90.1660645748519,636936.780562087,28.7000000000001
-73.0230010160661,90.1661463638356,636941.132379916,28.8000000000001
-73.0245557130609,90.1662281516017,636945.397617914,28.9000000000001
-73.0261103896708,90.1663099381723,636949.576277283,29.0000000000001
-73.0276650463189,90.1663917235697,636953.668359205,29.1000000000001
-73.0292196834281,90.166473507816,636957.673864836,29.2000000000001
-73.0307743014214,90.1665552909334,636961.592795311,29.3000000000001
-73.0323289007218,90.1666370729442,636965.425151737,29.4000000000001
-73.0338834817521,90.1667188538705,636969.170935203,29.5000000000001
-73.0354380449354,90.1668006337345,636972.830146771,29.6000000000002
-73.0369925906944,90.1668824125584,636976.402787481,29.7000000000002
-73.038547119452,90.1669641903645,636979.888858347,29.8000000000002
-73.040101631631,90.1670459671748,636983.288360363,29.9000000000002
-73.0416561276542,90.1671277430115,636986.601294499,30.0000000000002
-73.0432106079445,90.1672095178969,636989.827661698,30.1000000000002
-73.0447650729244,90.1672912918532,636992.967462883,30.2000000000002
-73.0463195230168,90.1673730649024,636996.020698953,30.3000000000002
-73.0478739586443,90.1674548370669,636998.987370783,30.4000000000002
-73.0494283802296,90.1675366083687,637001.867479224,30.5000000000002
-73.0509827881955,90.1676183788301,637004.661025105,30.6000000000002
-73.0525371829644,90.1677001484731,637007.368009229,30.7000000000002
-73.054091564959,90.1677819173201,637009.988432379,30.8000000000002
-73.055645934602,90.1678636853932,637012.522295311,30.9000000000002
-73.0572002923159,90.1679454527144,637014.969598761,31.0000000000002
-73.0587546385232,90.1680272193061,637017.330343438,31.1000000000002
-73.0603089736465,90.1681089851904,637019.60453003,31.2000000000002
-73.0618632981084,90.1681907503895,637021.792159201,31.3000000000002
-73.0634176123312,90.1682725149254,637023.89323159,31.4000000000002
-73.0649719167376,90.1683542788204,637025.907747816,31.5000000000002
-73.06652621175,90.1684360420967,637027.835708471,31.6000000000002
-73.0680804977908,90.1685178047764,637029.677114126,31.7000000000002
-73.0696347752826,90.1685995668817,637031.431965326,31.8000000000002
-73.0711890446477,90.1686813284347,637033.100262594,31.9000000000002
-73.0727433063086,90.1687630894577,637034.682006431,32.0000000000002
-73.0742975606876,90.1688448499727,637036.177197313,32.1000000000002
-73.0758518082072,90.1689266100019,637037.585835691,32.2000000000002
-73.0774060492899,90.1690083695676,637038.907921995,32.3000000000002
-73.0789602843578,90.1690901286917,637040.143456631,32.4000000000002
-73.0805145138335,90.1691718873966,637041.292439981,32.5000000000002
-73.0820687381393,90.1692536457044,637042.354872404,32.6000000000002
-73.0836229576975,90.1693354036372,637043.330754235,32.7000000000002
-73.0851771729305,90.1694171612172,637044.220085787,32.8000000000002
-73.0867313842606,90.1694989184665,637045.022867346,32.9000000000002
-73.0882855921102,90.1695806754073,637045.739099179,33.0000000000002
-73.0898397969016,90.1696624320618,637046.368781527,33.1000000000002
-73.0913939990571,90.1697441884521,637046.911914608,33.2000000000002
-73.092948198999,90.1698259446004,637047.368498617,33.3000000000002
-73.0945023971497,90.1699077005288,637047.738533724,33.4000000000002
-73.0960565939314,90.1699894562594,637048.022020077,33.5000000000002
-73.0976107897665,90.1700712118145,637048.218957802,33.6000000000002
-73.0991649850773,90.1701529672162,637048.329346998,33.7000000000002
-73.1007191802861,90.1702347224866,637048.353187742,33.8000000000002
-73.1022733758152,90.170316477648,637048.290480089,33.9000000000002
-73.1038275720869,90.1703982327223,637048.141224069,34.0000000000002
-73.1053817695235,90.1704799877319,637047.905419689,34.1000000000002
-73.1069359685473,90.1705617426989,637047.583066933,34.2000000000002
-73.1084901695807,90.1706434976453,637047.174165761,34.3000000000002
-73.1100443730459,90.1707252525934,637046.678716108,34.4000000000002
-73.1115985793653,90.1708070075653,637046.096717889,34.5000000000002
-73.1131527889612,90.1708887625832,637045.428170993,34.6000000000002
-73.1147070022559,90.1709705176692,637044.673075287,34.7000000000002
-73.1162612196718,90.1710522728456,637043.831430612,34.8000000000002
-73.1178154416311,90.1711340281343,637042.903236789,34.9000000000002
-73.1193696685562,90.1712157835576,637041.888493614,35.0000000000002
-73.1209239008696,90.1712975391377,637040.787200858,35.1000000000002
-73.1224781389935,90.1713792948967,637039.599358271,35.2000000000002
-73.1240323833503,90.1714610508567,637038.324965579,35.3000000000002
-73.1255866343624,90.17154280704,637036.964022482,35.4000000000002
-73.1271408924521,90.1716245634686,637035.516528661,35.5000000000002
-73.128695158042,90.1717063201647,637033.98248377,35.6000000000002
-73.1302494315542,90.1717880771505,637032.361887442,35.7000000000002
-73.1318037134114,90.1718698344482,637030.654739283,35.8000000000002
-73.1333580040359,90.1719515920798,637028.861038879,35.9000000000002
-73.1349123038502,90.1720333500676,637026.980785791,36.0000000000002
-73.1364666132767,90.1721151084337,637025.013979558,36.1000000000002
-73.1380209327379,90.1721968672003,637022.960619693,36.2000000000002
-73.1395752626563,90.1722786263895,637020.820705688,36.3000000000002
-73.1411296034544,90.1723603860235,637018.59423701,36.4000000000002
-73.1426839555547,90.1724421461245,637016.281213102,36.5000000000002
-73.1442383193797,90.1725239067145,637013.881633387,36.6000000000003
-73.145792695352,90.1726056678159,637011.39549726,36.7000000000003
-73.1473470838942,90.1726874294507,637008.822804095,36.8000000000003
-73.1489014854288,90.1727691916411,637006.163553243,36.9000000000003
-73.1504559003784,90.1728509544093,637003.41774403,37.0000000000003
-73.1520103291657,90.1729327177774,637000.58537576,37.1000000000003
-73.1535647722134,90.1730144817677,636997.666447712,37.2000000000003
-73.155119229944,90.1730962464022,636994.660959143,37.3000000000003
-73.1566737027803,90.1731780117031,636991.568909285,37.4000000000003
-73.158228191145,90.1732597776927,636988.390297348,37.5000000000003
-73.1597826954608,90.173341544393,636985.125122517,37.6000000000003
-73.1613372161505,90.1734233118263,636981.773383955,37.7000000000003
-73.1628917536369,90.1735050800148,636978.335080802,37.8000000000003
-73.1644463083428,90.1735868489805,636974.810212172,37.9000000000003
-73.1660008806909,90.1736686187458,636971.198777157,38.0000000000003
-73.1675554711043,90.1737503893327,636967.500774826,38.1000000000003
-73.1691100800056,90.1738321607634,636963.716204225,38.2000000000003
-73.170664707818,90.1739139330602,636959.845064373,38.3000000000003
-73.1722193549642,90.1739957062451,636955.887354271,38.4000000000003
-73.1737740218673,90.1740774803405,636951.843072891,38.5000000000003
-73.1753287089503,90.1741592553684,636947.712219186,38.6000000000003
-73.1768834166362,90.174241031351,636943.494792083,38.7000000000003
-73.178438145348,90.1743228083106,636939.190790485,38.8000000000003
-73.1799928955089,90.1744045862693,636934.800213274,38.9000000000003
-73.1815476675419,90.1744863652494,636930.323059307,39.0000000000003
-73.1831024618703,90.1745681452729,636925.759327417,39.1000000000003
-73.1846572789172,90.1746499263622,636921.109016415,39.2000000000003
-73.1862121191058,90.1747317085393,636916.372125087,39.3000000000003
-73.1877669828594,90.1748134918266,636911.548652196,39.4000000000003
-73.1893218706013,90.1748952762461,636906.638596482,39.5000000000003
-73.1908767827548,90.1749770618201,636901.641956661,39.6000000000003
-73.1924317197432,90.1750588485708,636896.558731425,39.7000000000003
-73.19398668199,90.1751406365204,636891.388919445,39.8000000000003
-73.1955416699186,90.1752224256911,636886.132519364,39.9000000000003
-73.1970966839525,90.1753042161051,636880.789529806,40.0000000000003
-73.1986517245152,90.1753860077846,636875.35994937,40.1000000000003
-73.2002067920302,90.1754678007518,636869.843776629,40.2000000000003
-73.2017618869211,90.175549595029,636864.241010136,40.3000000000003
-73.2033170096116,90.1756313906384,636858.551648419,40.4000000000003
-73.2048721605254,90.1757131876021,636852.775689982,40.5000000000003
-73.2064273400861,90.1757949859423,636846.913133306,40.6000000000003
-73.2079825487175,90.1758767856814,636840.963976849,40.7000000000003
-73.2095377868434,90.1759585868415,636834.928219045,40.8000000000003
-73.2110930548877,90.1760403894449,636828.805858304,40.9000000000003
-73.2126483532742,90.1761221935138,636822.596893012,41.0000000000003
-73.214203682427,90.1762039990704,636816.301321534,41.1000000000003
-73.2157590427699,90.1762858061369,636809.919142209,41.2000000000003
-73.217314434727,90.1763676147356,636803.450353353,41.3000000000003
-73.2188698587223,90.1764494248887,636796.894953259,41.4000000000003
-73.2204253151801,90.1765312366184,636790.252940196,41.5000000000003
-73.2219808045244,90.1766130499471,636783.52431241,41.6000000000003
-73.2235363271795,90.1766948648969,636776.709068123,41.7000000000003
-73.2250918835697,90.1767766814901,636769.807205533,41.8000000000003
-73.2266474741192,90.1768584997489,636762.818722816,41.9000000000003
-73.2282030992525,90.1769403196956,636755.743618122,42.0000000000003
-73.2297587593939,90.1770221413524,636748.58188958,42.1000000000003
-73.231314454968,90.1771039647416,636741.333535293,42.2000000000003
-73.2328701863993,90.1771857898855,636733.998553343,42.3000000000003
-73.2344259541122,90.1772676168063,636726.576941787,42.4000000000003
-73.2359817585316,90.1773494455262,636719.068698658,42.5000000000003
-73.2375376000821,90.1774312760676,636711.473821966,42.6000000000003
-73.2390934791883,90.1775131084527,636703.792309698,42.7000000000003
-73.2406493962752,90.1775949427038,636696.024159816,42.8000000000003
-73.2422053517675,90.1776767788432,636688.16937026,42.9000000000003
-73.2437613460902,90.1777586168931,636680.227938946,43.0000000000003
-73.2453173796682,90.1778404568758,636672.199863764,43.1000000000003
-73.2468734529267,90.1779222988137,636664.085142585,43.2000000000003
-73.2484295662906,90.1780041427289,636655.883773252,43.3000000000003
-73.2499857201851,90.1780859886438,636647.595753588,43.4000000000003
-73.2515419150355,90.1781678365806,636639.221081389,43.5000000000003
-73.253098151267,90.1782496865618,636630.759754429,43.6000000000004
-73.2546544293049,90.1783315386095,636622.21177046,43.7000000000004
-73.2562107495746,90.1784133927461,636613.577127208,43.8000000000004
-73.2577671125016,90.1784952489938,636604.855822376,43.9000000000004
-73.2593235185114,90.178577107375,636596.047853644,44.0000000000004
-73.2608799680296,90.1786589679121,636587.153218668,44.1000000000004
-73.2624364614819,90.1787408306272,636578.17191508,44.2000000000004
-73.2639929992939,90.1788226955428,636569.103940489,44.3000000000004
-73.2655495818915,90.1789045626811,636559.94929248,44.4000000000004
-73.2671062097004,90.1789864320645,636550.707968614,44.5000000000004
-73.2686628831467,90.1790683037153,636541.379966429,44.6000000000004
-73.2702196026562,90.1791501776558,636531.96528344,44.7000000000004
-73.2717763686551,90.1792320539084,636522.463917136,44.8000000000004
-73.2733331815695,90.1793139324954,636512.875864986,44.9000000000004
-73.2748900418255,90.1793958134392,636503.201124431,45.0000000000004
-73.2764469498495,90.179477696762,636493.439692891,45.1000000000004
-73.2780039060677,90.1795595824863,636483.591567763,45.2000000000004
-73.2795609109066,90.1796414706344,636473.656746418,45.3000000000004
-73.2811179647926,90.1797233612287,636463.635226206,45.4000000000004
-73.2826750681524,90.1798052542914,636453.52700445,45.5000000000004
-73.2842322214124,90.1798871498451,636443.332078453,45.6000000000004
-73.2857894249995,90.179969047912,636433.050445491,45.7000000000004
-73.2873466793404,90.1800509485145,636422.682102818,45.8000000000004
-73.288903984862,90.180132851675,636412.227047665,45.9000000000004
-73.2904613419911,90.1802147574159,636401.685277237,46.0000000000004
-73.2920187511549,90.1802966657595,636391.056788719,46.1000000000004
-73.2935762127803,90.1803785767283,636380.341579268,46.2000000000004
-73.2951337272946,90.1804604903447,636369.539646019,46.3000000000004
-73.296691295125,90.1805424066309,636358.650986085,46.4000000000004
-73.2982489166987,90.1806243256095,636347.675596554,46.5000000000004
-73.2998065924433,90.1807062473028,636336.613474489,46.6000000000004
-73.3013643227862,90.1807881717333,636325.464616931,46.7000000000004
-73.3029221081549,90.1808700989233,636314.229020897,46.8000000000004
-73.3044799489772,90.1809520288953,636302.906683379,46.9000000000004
-73.3060378456806,90.1810339616717,636291.497601347,47.0000000000004
-73.3075957986932,90.1811158972749,636280.001771746,47.1000000000004
-73.3091538084426,90.1811978357273,636268.419191499,47.2000000000004
-73.3107118753571,90.1812797770514,636256.749857502,47.3000000000004
-73.3122699998645,90.1813617212696,636244.99376663,47.4000000000004
-73.313828182393,90.1814436684044,636233.150915734,47.5000000000004
-73.315386423371,90.1815256184781,636221.22130164,47.6000000000004
-73.3169447232267,90.1816075715133,636209.204921151,47.7000000000004
-73.3185030823885,90.1816895275324,636197.101771047,47.8000000000004
-73.3200615012851,90.1817714865579,636184.911848082,47.9000000000004
-73.3216199803448,90.1818534486122,636172.635148989,48.0000000000004
-73.3231785199965,90.1819354137178,636160.271670474,48.1000000000004
-73.3247371206689,90.1820173818971,636147.821409223,48.2000000000004
-73.3262957827909,90.1820993531727,636135.284361894,48.3000000000004
-73.3278545067914,90.1821813275671,636122.660525125,48.4000000000004
-73.3294132930996,90.1822633051026,636109.949895528,48.5000000000004
-73.3309721421445,90.1823452858019,636097.152469692,48.6000000000004
-73.3325310543553,90.1824272696873,636084.268244182,48.7000000000004
-73.3340900301615,90.1825092567815,636071.297215538,48.8000000000004
-73.3356490699925,90.1825912471069,636058.239380279,48.9000000000004
-73.3372081742777,90.182673240686,636045.094734897,49.0000000000004
-73.3387673434469,90.1827552375413,636031.863275861,49.1000000000004
-73.3403265779297,90.1828372376954,636018.544999619,49.2000000000004
-73.3418858781559,90.1829192411707,636005.139902591,49.3000000000004
-73.3434452445556,90.1830012479899,635991.647981176,49.4000000000004
-73.3450046775586,90.1830832581755,635978.069231748,49.5000000000004
-73.3465641775951,90.1831652717499,635964.403650657,49.6000000000004
-73.3481237450953,90.1832472887358,635950.651234229,49.7000000000004
-73.3496833804896,90.1833293091556,635936.811978768,49.8000000000004
-73.3512430842084,90.183411333032,635922.885880551,49.9000000000004
-73.3528028566822,90.1834933603876,635908.872935833,50.0000000000004
-73.3543626983415,90.1835753912448,635894.773140846,50.1000000000004
-73.3559226096173,90.1836574256262,635880.586491796,50.2000000000004
-73.3574825909402,90.1837394635545,635866.312984866,50.3000000000004
-73.3590426427413,90.1838215050522,635851.952616216,50.4000000000004
-73.3606027654516,90.1839035501418,635837.50538198,50.5000000000004
-73.3621629595022,90.1839855988461,635822.97127827,50.6000000000004
-73.3637232253244,90.1840676511876,635808.350301174,50.7000000000005
-73.3652835633495,90.1841497071889,635793.642446754,50.8000000000005
-73.3668439740092,90.1842317668725,635778.847711051,50.9000000000005
-73.3684044577348,90.1843138302612,635763.966090079,51.0000000000005
-73.3699650149582,90.1843958973776,635748.99757983,51.1000000000005
-73.3715256461112,90.1844779682442,635733.942176272,51.2000000000005
-73.3730863516256,90.1845600428837,635718.799875348,51.3000000000005
-73.3746471319335,90.1846421213188,635703.570672979,51.4000000000005
-73.3762079874671,90.184724203572,635688.25456506,51.5000000000005
-73.3777689186586,90.1848062896661,635672.851547462,51.6000000000005
-73.3793299259403,90.1848883796237,635657.361616033,51.7000000000005
-73.3808910097448,90.1849704734675,635641.784766597,51.8000000000005
-73.3824521705047,90.1850525712201,635626.120994954,51.9000000000005
-73.3840134086527,90.1851346729041,635610.37029688,52.0000000000005
-73.3855747246215,90.1852167785424,635594.532668125,52.1000000000005
-73.3871361188443,90.1852988881575,635578.608104418,52.2000000000005
-73.388697591754,90.1853810017722,635562.596601462,52.3000000000005
-73.3902591437838,90.1854631194092,635546.498154937,52.4000000000005
-73.391820775367,90.185545241091,635530.312760499,52.5000000000005
-73.3933824869371,90.1856273668406,635514.040413779,52.6000000000005
-73.3949442789276,90.1857094966806,635497.681110383,52.7000000000005
-73.3965061517722,90.1857916306336,635481.234845897,52.8000000000005
-73.3980681059047,90.1858737687225,635464.701615879,52.9000000000005
-73.399630141759,90.18595591097,635448.081415864,53.0000000000005
-73.401192259769,90.1860380573988,635431.374241364,53.1000000000005
-73.4027544603691,90.1861202080316,635414.580087865,53.2000000000005
-73.4043167439934,90.1862023628913,635397.698950831,53.3000000000005
-73.4058791110765,90.1862845220005,635380.730825699,53.4000000000005
-73.4074415620527,90.1863666853821,635363.675707886,53.5000000000005
-73.4090040973568,90.1864488530588,635346.533592782,53.6000000000005
-73.4105667174236,90.1865310250534,635329.304475753,53.7000000000005
-73.4121294226881,90.1866132013887,635311.988352142,53.8000000000005
-73.4136922135851,90.1866953820874,635294.585217266,53.9000000000005
-73.41525509055,90.1867775671725,635277.095066421,54.0000000000005
-73.416818054018,90.1868597566666,635259.517894875,54.1000000000005
-73.4183811044246,90.1869419505926,635241.853697875,54.2000000000005
-73.4199442422054,90.1870241489733,635224.102470642,54.3000000000005
-73.4215074677959,90.1871063518316,635206.264208374,54.4000000000005
-73.4230707816322,90.1871885591902,635188.338906244,54.5000000000005
-73.4246341841501,90.1872707710721,635170.326559402,54.6000000000005
-73.4261976757858,90.1873529875,635152.227162971,54.7000000000005
-73.4277612569755,90.1874352084968,635134.040712053,54.8000000000005
-73.4293249281555,90.1875174340854,635115.767201724,54.9000000000005
-73.4308886897624,90.1875996642887,635097.406627036,55.0000000000005
-73.4324525422328,90.1876818991294,635078.958983018,55.1000000000005
-73.4340164860036,90.1877641386306,635060.424264673,55.2000000000005
-73.4355805215115,90.1878463828151,635041.802466981,55.3000000000005
-73.4371446491938,90.1879286317057,635023.093584897,55.4000000000005
-73.4387088694876,90.1880108853255,635004.297613352,55.5000000000005
-73.4402731828301,90.1880931436972,634985.414547253,55.6000000000005
-73.441837589659,90.1881754068439,634966.444381482,55.7000000000005
-73.4434020904119,90.1882576747884,634947.387110898,55.8000000000005
-73.4449666855264,90.1883399475537,634928.242730335,55.9000000000005
-73.4465313754406,90.1884222251627,634909.011234602,56.0000000000005
-73.4480961605924,90.1885045076384,634889.692618485,56.1000000000005
-73.4496610414201,90.1885867950037,634870.286876744,56.2000000000005
-73.451226018362,90.1886690872815,634850.794004117,56.3000000000005
-73.4527910918566,90.1887513844949,634831.213995316,56.4000000000005
-73.4543562623425,90.1888336866669,634811.546845028,56.5000000000005
-73.4559215302586,90.1889159938203,634791.792547919,56.6000000000005
-73.4574868960436,90.1889983059783,634771.951098626,56.7000000000005
-73.4590523601369,90.1890806231638,634752.022491765,56.8000000000005
-73.4606179229774,90.1891629453998,634732.006721927,56.9000000000005
-73.4621835850047,90.1892452727093,634711.903783678,57.0000000000005
-73.4637493466583,90.1893276051153,634691.71367156,57.1000000000005
-73.4653152083778,90.189409942641,634671.43638009,57.2000000000005
-73.466881170603,90.1894922853092,634651.071903762,57.3000000000005
-73.4684472337741,90.1895746331431,634630.620237044,57.4000000000005
-73.470013398331,90.1896569861657,634610.081374381,57.5000000000005
-73.4715796647141,90.1897393444002,634589.455310192,57.6000000000005
-73.4731460333638,90.1898217078694,634568.742038872,57.7000000000006
-73.4747125047208,90.1899040765966,634547.941554794,57.8000000000006
-73.4762790792258,90.1899864506048,634527.053852303,57.9000000000006
-73.4778457573197,90.1900688299172,634506.078925721,58.0000000000006
-73.4794125394435,90.1901512145567,634485.016769346,58.1000000000006
-73.4809794260386,90.1902336045465,634463.867377452,58.2000000000006
-73.4825464175463,90.1903159999098,634442.630744286,58.3000000000006
-73.4841135144081,90.1903984006697,634421.306864073,58.4000000000006
-73.4856807170659,90.1904808068493,634399.895731013,58.5000000000006
-73.4872480259613,90.1905632184717,634378.397339281,58.6000000000006
-73.4888154415365,90.1906456355601,634356.811683027,58.7000000000006
-73.4903829642337,90.1907280581377,634335.138756377,58.8000000000006
-73.4919505944953,90.1908104862275,634313.378553434,58.9000000000006
-73.4935183327637,90.1908929198529,634291.531068274,59.0000000000006
-73.4950861794816,90.190975359037,634269.59629495,59.1000000000006
-73.4966541350919,90.191057803803,634247.574227488,59.2000000000006
-73.4982222000377,90.191140254174,634225.464859894,59.3000000000006
-73.499790374762,90.1912227101734,634203.268186146,59.4000000000006
-73.5013586597083,90.1913051718242,634180.984200197,59.5000000000006
-73.5029270553201,90.1913876391498,634158.612895977,59.6000000000006
-73.504495562041,90.1914701121734,634136.154267391,59.7000000000006
-73.506064180315,90.1915525909182,634113.60830832,59.8000000000006
-73.507632910586,90.1916350754075,634090.97501262,59.9000000000006
-73.5092017532984,90.1917175656645,634068.25437412,60.0000000000006
-73.5107707088963,90.1918000617126,634045.446386628,60.1000000000006
-73.5123397778244,90.1918825635749,634022.551043926,60.2000000000006
-73.5139089605274,90.1919650712748,633999.56833977,60.3000000000006
-73.5154782574502,90.1920475848356,633976.498267893,60.4000000000006
-73.5170476690379,90.1921301042806,633953.340822003,60.5000000000006
-73.5186171957357,90.1922126296331,633930.095995783,60.6000000000006
-73.520186837989,90.1922951609165,633906.76378289,60.7000000000006
-73.5217565962434,90.192377698154,633883.344176959,60.8000000000006
-73.5233264709447,90.192460241369,633859.837171599,60.9000000000006
-73.5248964625388,90.1925427905849,633836.242760393,61.0000000000006
-73.5264665714719,90.192625345825,633812.560936901,61.1000000000006
-73.5280367981903,90.1927079071127,633788.791694658,61.2000000000006
-73.5296071431405,90.1927904744715,633764.935027174,61.3000000000006
-73.5311776067691,90.1928730479245,633740.990927933,61.4000000000006
-73.532748189523,90.1929556274954,633716.959390397,61.5000000000006
-73.5343188918492,90.1930382132074,633692.840408,61.6000000000006
-73.535889714195,90.193120805084,633668.633974154,61.7000000000006
-73.5374606570077,90.1932034031486,633644.340082243,61.8000000000006
-73.539031720735,90.1932860074248,633619.958725631,61.9000000000006
-73.5406029058245,90.1933686179358,633595.489897651,62.0000000000006
-73.5421742127244,90.1934512347052,633570.933591617,62.1000000000006
-73.5437456418826,90.1935338577564,633546.289800815,62.2000000000006
-73.5453171937476,90.1936164871129,633521.558518506,62.3000000000006
-73.5468888687679,90.1936991227983,633496.739737927,62.4000000000006
-73.5484606673921,90.1937817648359,633471.83345229,62.5000000000006
-73.5500325900692,90.1938644132493,633446.839654783,62.6000000000006
-73.5516046372482,90.193947068062,633421.758338567,62.7000000000006
-73.5531768093785,90.1940297292976,633396.589496779,62.8000000000006
-73.5547491069095,90.1941123969795,633371.333122532,62.9000000000006
-73.5563215302909,90.1941950711313,633345.989208914,63.0000000000006
-73.5578940799726,90.1942777517766,633320.557748986,63.1000000000006
-73.5594667564045,90.194360438939,633295.038735787,63.2000000000006
-73.5610395600369,90.1944431326419,633269.432162328,63.3000000000006
-73.5626124913204,90.1945258329091,633243.738021597,63.4000000000006
-73.5641855507055,90.194608539764,633217.956306557,63.5000000000006
-73.565758738643,90.1946912532303,633192.087010145,63.6000000000006
-73.567332055584,90.1947739733316,633166.130125274,63.7000000000006
-73.5689055019798,90.1948567000916,633140.085644831,63.8000000000006
-73.5704790782817,90.1949394335338,633113.953561679,63.9000000000006
-73.5720527849414,90.195022173682,633087.733868655,64.0000000000006
-73.5736266224107,90.1951049205597,633061.426558571,64.1000000000006
-73.5752005911417,90.1951876741906,633035.031624215,64.2000000000006
-73.5767746915866,90.1952704345985,633008.549058348,64.3000000000006
-73.5783489241978,90.1953532018069,632981.978853709,64.4000000000006
-73.579923289428,90.1954359758397,632955.321003009,64.5000000000006
-73.58149778773,90.1955187567205,632928.575498935,64.6000000000006
-73.5830724195569,90.195601544473,632901.742334148,64.7000000000006
-73.584647185362,90.1956843391209,632874.821501286,64.8000000000006
-73.5862220855986,90.195767140688,632847.81299296,64.9000000000006
-73.5877971207205,90.1958499491981,632820.716801756,65.0000000000006
-73.5893722911815,90.195932764675,632793.532920235,65.1000000000006
-73.5909475974358,90.1960155871422,632766.261340934,65.2000000000006
-73.5925230399377,90.1960984166238,632738.902056363,65.3000000000006
-73.5940986191416,90.1961812531434,632711.455059008,65.4000000000006
-73.5956743355022,90.1962640967249,632683.920341328,65.5000000000006
-73.5972501894746,90.1963469473921,632656.297895761,65.6000000000005
-73.5988261815138,90.1964298051687,632628.587714714,65.7000000000005
-73.6004023120752,90.1965126700787,632600.789790574,65.8000000000005
-73.6019785816144,90.196595542146,632572.904115699,65.9000000000005
-73.6035549905872,90.1966784213942,632544.930682424,66.0000000000005
-73.6051315394495,90.1967613078474,632516.869483057,66.1000000000005
-73.6067082286576,90.1968442015294,632488.720509882,66.2000000000005
-73.608285058668,90.1969271024641,632460.483755157,66.3000000000005
-73.6098620299372,90.1970100106755,632432.159211115,66.4000000000005
-73.6114391429222,90.1970929261873,632403.746869964,66.5000000000005
-73.61301639808,90.1971758490236,632375.246723887,66.6000000000005
-73.6145937958681,90.1972587792083,632346.658765039,66.7000000000005
-73.6161713367437,90.1973417167653,632317.982985552,66.8000000000005
-73.6177490211649,90.1974246617187,632289.219377533,66.9000000000005
-73.6193268495895,90.1975076140923,632260.367933063,67.0000000000005
-73.6209048224757,90.1975905739102,632231.428644196,67.1000000000005
-73.6224829402819,90.1976735411963,632202.401502963,67.2000000000005
-73.6240612034669,90.1977565159747,632173.286501368,67.3000000000005
-73.6256396124894,90.1978394982694,632144.08363139,67.4000000000004
-73.6272181678087,90.1979224881044,632114.792884983,67.5000000000004
-73.6287968698839,90.1980054855038,632085.414254075,67.6000000000004
-73.6303757191747,90.1980884904915,632055.947730569,67.7000000000004
-73.6319547161408,90.1981715030918,632026.393306341,67.8000000000004
-73.6335338612424,90.1982545233286,631996.750973244,67.9000000000004
-73.6351131549395,90.1983375512261,631967.020723104,68.0000000000004
-73.6366925976927,90.1984205868083,631937.202547721,68.1000000000004
-73.6382721899627,90.1985036300994,631907.296438871,68.2000000000004
-73.6398519322105,90.1985866811235,631877.302388302,68.3000000000004
-73.6414318248972,90.1986697399047,631847.220387739,68.4000000000004
-73.6430118684842,90.1987528064672,631817.05042888,68.5000000000004
-73.6445920634331,90.1988358808352,631786.792503399,68.6000000000004
-73.6461724102059,90.1989189630327,631756.446602941,68.7000000000004
-73.6477529092646,90.1990020530841,631726.012719129,68.8000000000004
-73.6493335610716,90.1990851510135,631695.490843559,68.9000000000004
-73.6509143660895,90.1991682568451,631664.880967801,69.0000000000004
-73.6524953247812,90.1992513706031,631634.183083399,69.1000000000004
-73.6540764376096,90.1993344923118,631603.397181873,69.2000000000003
-73.6556577050381,90.1994176219955,631572.523254715,69.3000000000003
-73.6572391275302,90.1995007596783,631541.561293394,69.4000000000003
-73.6588207055498,90.1995839053845,631510.511289351,69.5000000000003
-73.6604024395608,90.1996670591386,631479.373234002,69.6000000000003
-73.6619843300276,90.1997502209646,631448.147118738,69.7000000000003
-73.6635663774146,90.1998333908871,631416.832934923,69.8000000000003
-73.6651485821866,90.1999165689301,631385.430673897,69.9000000000003
-73.6667309448087,90.1999997551183,631353.940326971,70.0000000000003
-73.6683134657461,90.2000829494757,631322.361885435,70.1000000000003
-73.6698961454642,90.2001661520269,631290.695340548,70.2000000000003
-73.6714789844289,90.2002493627962,631258.940683547,70.3000000000003
-73.6730619831062,90.200332581808,631227.097905641,70.4000000000003
-73.6746451419622,90.2004158090867,631195.166998015,70.5000000000003
-73.6762284614636,90.2004990446567,631163.147951827,70.6000000000003
-73.677811942077,90.2005822885424,631131.040758209,70.7000000000003
-73.6793955842695,90.2006655407683,631098.845408267,70.8000000000003
-73.6809793885082,90.2007488013588,631066.561893082,70.9000000000002
-73.6825633552609,90.2008320703384,631034.190203708,71.0000000000002
-73.6841474849951,90.2009153477315,631001.730331175,71.1000000000002
-73.6857317781789,90.2009986335627,630969.182266484,71.2000000000002
-73.6873162352806,90.2010819278565,630936.546000612,71.3000000000002
-73.6889008567688,90.2011652306374,630903.82152451,71.4000000000002
-73.6904856431121,90.2012485419298,630871.008829104,71.5000000000002
-73.6920705947798,90.2013318617585,630838.107905291,71.6000000000002
-73.693655712241,90.2014151901478,630805.118743944,71.7000000000002
-73.6952409959653,90.2014985271225,630772.04133591,71.8000000000002
-73.6968264464227,90.201581872707,630738.875672011,71.9000000000002
-73.6984120640831,90.201665226926,630705.621743039,72.0000000000002
-73.699997849417,90.201748589804,630672.279539765,72.1000000000002
-73.7015838028949,90.2018319613658,630638.84905293,72.2000000000002
-73.7031699249877,90.201915341636,630605.330273251,72.3000000000002
-73.7047562161666,90.2019987306391,630571.723191418,72.4000000000002
-73.706342676903,90.2020821283999,630538.027798095,72.5000000000002
-73.7079293076686,90.2021655349431,630504.24408392,72.6000000000002
-73.7095161089352,90.2022489502933,630470.372039505,72.7000000000001
-73.7111030811753,90.2023323744753,630436.411655435,72.8000000000001
-73.7126902248611,90.2024158075138,630402.362922271,72.9000000000001
-73.7142775404655,90.2024992494335,630368.225830545,73.0000000000001
-73.7158650284615,90.2025827002592,630334.000370764,73.1000000000001
-73.7174526893224,90.2026661600155,630299.686533409,73.2000000000001
-73.7190405235217,90.2027496287274,630265.284308934,73.3000000000001
-73.7206285315334,90.2028331064197,630230.793687769,73.4000000000001
-73.7222167138315,90.202916593117,630196.214660314,73.5000000000001
-73.7238050708904,90.2030000888442,630161.547216947,73.6000000000001
-73.7253936031847,90.2030835936263,630126.791348015,73.7000000000001
-73.7269823111895,90.2031671074879,630091.947043842,73.8000000000001
-73.7285711953799,90.2032506304541,630057.014294724,73.9000000000001
-73.7301602562315,90.2033341625496,630021.993090934,74.0000000000001
-73.73174949422,90.2034177037993,629986.883422713,74.1000000000001
-73.7333389098214,90.2035012542282,629951.68528028,74.2000000000001
-73.7349285035121,90.2035848138612,629916.398653826,74.3000000000001
-73.7365182757688,90.2036683827233,629881.023533516,74.4
-73.7381082270683,90.2037519608393,629845.559909488,74.5
-73.7396983578878,90.2038355482342,629810.007771854,74.6
-73.7412886687048,90.2039191449331,629774.3671107,74.7
-73.742879159997,90.2040027509608,629738.637916084,74.8
-73.7444698322425,90.2040863663425,629702.82017804,74.9
-73.7460606859195,90.2041699911032,629666.913886572,75
-73.7476517215068,90.2042536252678,629630.919031662,75.1
-73.7492429394832,90.2043372688615,629594.83560326,75.2
-73.7508343403279,90.2044209219093,629558.663591295,75.3
-73.7524259245203,90.2045045844363,629522.402985665,75.4
-73.7540176925403,90.2045882564676,629486.053776244,75.5
-73.7556096448679,90.2046719380283,629449.615952878,75.6
-73.7572017819835,90.2047556291435,629413.089505388,75.7
-73.7587941043677,90.2048393298384,629376.474423566,75.8
-73.7603866125014,90.2049230401382,629339.77069718,75.9
-73.7619793068659,90.205006760068,629302.97831597,76
-73.7635721879427,90.205090489653,629266.097269648,76.1
-73.7651652562136,90.2051742289184,629229.127547901,76.1999999999999
-73.7667585121608,90.2052579778895,629192.06914039,76.2999999999999
-73.7683519562667,90.2053417365915,629154.922036747,76.3999999999999
-73.769945589014,90.2054255050495,629117.686226579,76.4999999999999
-73.7715394108858,90.205509283289,629080.361699466,76.5999999999999
-73.7731334223652,90.2055930713351,629042.94844496,76.6999999999999
-73.7747276239361,90.2056768692133,629005.446452588,76.7999999999999
-73.7763220160823,90.2057606769487,628967.855711848,76.8999999999999
-73.7779165992881,90.2058444945668,628930.176212213,76.9999999999999
-73.7795113740379,90.2059283220928,628892.40794313,77.0999999999999
-73.7811063408166,90.2060121595521,628854.550894015,77.1999999999999
-73.7827015001094,90.2060960069702,628816.605054262,77.2999999999999
-73.7842968524017,90.2061798643724,628778.570413235,77.3999999999999
-73.7858923981793,90.2062637317841,628740.446960273,77.4999999999999
-73.7874881379283,90.2063476092307,628702.234684685,77.5999999999999
-73.789084072135,90.2064314967377,628663.933575757,77.6999999999999
-73.7906802012861,90.2065153943306,628625.543622745,77.7999999999999
-73.7922765258687,90.2065993020347,628587.06481488,77.8999999999998
-73.79387304637,90.2066832198757,628548.497141364,77.9999999999998
-73.7954697632776,90.206767147879,628509.840591375,78.0999999999998
-73.7970666770796,90.2068510860701,628471.09515406,78.1999999999998
-73.7986637882641,90.2069350344746,628432.260818543,78.2999999999998
-73.8002610973198,90.207018993118,628393.337573917,78.3999999999998
-73.8018586047355,90.2071029620258,628354.325409252,78.4999999999998
-73.8034563110004,90.2071869412238,628315.224313587,78.5999999999998
-73.8050542166041,90.2072709307375,628276.034275936,78.6999999999998
-73.8066523220364,90.2073549305925,628236.755285286,78.7999999999998
-73.8082506277874,90.2074389408144,628197.387330596,78.8999999999998
-73.8098491343477,90.2075229614289,628157.930400799,78.9999999999998
-73.8114478422081,90.2076069924617,628118.384484799,79.0999999999998
-73.8130467518596,90.2076910339385,628078.749571473,79.1999999999998
-73.8146458637938,90.2077750858849,628039.025649673,79.2999999999998
-73.8162451785024,90.2078591483267,627999.212708222,79.3999999999998
-73.8178446964775,90.2079432212897,627959.310735916,79.4999999999998
-73.8194444182115,90.2080273047995,627919.319721524,79.5999999999998
-73.8210443441972,90.2081113988819,627879.239653786,79.6999999999997
-73.8226444749277,90.2081955035628,627839.070521417,79.7999999999997
-73.8242448108965,90.208279618868,627798.812313104,79.8999999999997
-73.8258453525971,90.2083637448232,627758.465017507,79.9999999999997
-73.8274461005238,90.2084478814543,627718.028623256,80.0999999999997
-73.8290470551709,90.2085320287871,627677.503118958,80.1999999999997
-73.8306482170331,90.2086161868476,627636.888493188,80.2999999999997
-73.8322495866056,90.2087003556617,627596.184734498,80.3999999999997
-73.8338511643838,90.2087845352551,627555.391831409,80.4999999999997
-73.8354529508633,90.208868725654,627514.509772416,80.5999999999997
-73.8370549465402,90.2089529268841,627473.538545986,80.6999999999997
-73.8386571519111,90.2090371389715,627432.47814056,80.7999999999997
-73.8402595674726,90.2091213619422,627391.328544549,80.8999999999997
-73.8418621937218,90.2092055958221,627350.08974634,80.9999999999997
-73.8434650311561,90.2092898406373,627308.761734288,81.0999999999997
-73.8450680802734,90.2093740964137,627267.344496724,81.1999999999997
-73.8466713415717,90.2094583631775,627225.838021949,81.2999999999997
-73.8482748155496,90.2095426409547,627184.242298239,81.3999999999997
-73.8498785027057,90.2096269297714,627142.557313839,81.4999999999996
-73.8514824035393,90.2097112296536,627100.78305697,81.5999999999996
-73.8530865185498,90.2097955406276,627058.919515822,81.6999999999996
-73.8546908482371,90.2098798627194,627016.96667856,81.7999999999996
-73.8562953931014,90.2099641959553,626974.92453332,81.8999999999996
-73.8579001536432,90.2100485403613,626932.79306821,81.9999999999996
-73.8595051303633,90.2101328959637,626890.57227131,82.0999999999996
-73.8611103237631,90.2102172627887,626848.262130674,82.1999999999996
-73.8627157343441,90.2103016408625,626805.862634327,82.2999999999996
-73.8643213626082,90.2103860302113,626763.373770265,82.3999999999996
-73.8659272090577,90.2104704308615,626720.795526459,82.4999999999996
-73.8675332741953,90.2105548428393,626678.12789085,82.5999999999996
-73.869139558524,90.210639266171,626635.370851352,82.6999999999996
-73.8707460625471,90.2107237008829,626592.52439585,82.7999999999996
-73.8723527867683,90.2108081470014,626549.588512202,82.8999999999996
-73.8739597316917,90.2108926045528,626506.56318824,82.9999999999996
-73.8755668978217,90.2109770735636,626463.448411763,83.0999999999996
-73.8771742856632,90.21106155406,626420.244170548,83.1999999999995
-73.8787818957211,90.2111460460685,626376.950452339,83.2999999999995
-73.8803897285012,90.2112305496156,626333.567244855,83.3999999999995
-73.8819977845092,90.2113150647277,626290.094535787,83.4999999999995
-73.8836060642513,90.2113995914312,626246.532312795,83.5999999999995
-73.8852145682342,90.2114841297527,626202.880563515,83.6999999999995
-73.8868232969648,90.2115686797186,626159.139275552,83.7999999999995
-73.8884322509505,90.2116532413556,626115.308436483,83.8999999999995
-73.8900414306989,90.21173781469,626071.388033859,83.9999999999995
-73.8916508367182,90.2118223997486,626027.378055202,84.0999999999995
-73.8932604695166,90.2119069965578,625983.278488004,84.1999999999995
-73.8948703296032,90.2119916051443,625939.08931973,84.2999999999995
-73.8964804174869,90.2120762255348,625894.810537818,84.3999999999995
-73.8980907336774,90.2121608577557,625850.442129677,84.4999999999995
-73.8997012786846,90.2122455018339,625805.984082687,84.5999999999995
-73.9013120530188,90.2123301577959,625761.4363842,84.6999999999995
-73.9029230571906,90.2124148256686,625716.79902154,84.7999999999995
-73.9045342917111,90.2124995054785,625672.071982003,84.8999999999995
-73.9061457570918,90.2125841972525,625627.255252856,84.9999999999994
-73.9077574538443,90.2126689010173,625582.348821338,85.0999999999994
-73.9093693824809,90.2127536167996,625537.352674661,85.1999999999994
-73.9109815435141,90.2128383446264,625492.266800005,85.2999999999994
-73.9125939374569,90.2129230845243,625447.091184525,85.3999999999994
-73.9142065648226,90.2130078365202,625401.825815346,85.4999999999994
-73.9158194261249,90.2130926006411,625356.470679566,85.5999999999994
-73.9174325218778,90.2131773769136,625311.025764252,85.6999999999994
-73.919045852596,90.2132621653649,625265.491056444,85.7999999999994
-73.9206594187941,90.2133469660217,625219.866543155,85.8999999999994
-73.9222732209874,90.213431778911,625174.152211367,85.9999999999994
-73.9238872596916,90.2135166040598,625128.348048033,86.0999999999994
-73.9255015354228,90.213601441495,625082.454040081,86.1999999999994
-73.9271160486972,90.2136862912437,625036.470174407,86.2999999999994
-73.9287308000317,90.2137711533328,624990.39643788,86.3999999999994
-73.9303457899434,90.2138560277894,624944.232817339,86.4999999999994
-73.9319610189501,90.2139409146406,624897.979299596,86.5999999999994
-73.9335764875695,90.2140258139134,624851.635871433,86.6999999999993
-73.9351921963202,90.2141107256349,624805.202519604,86.7999999999993
-73.9368081457209,90.2141956498322,624758.679230835,86.8999999999993
-73.9384243362907,90.2142805865326,624712.065991822,86.9999999999993
-73.9400407685491,90.214365535763,624665.362789231,87.0999999999993
-73.9416574430162,90.2144504975508,624618.569609702,87.1999999999993
-73.9432743602124,90.2145354719232,624571.686439845,87.2999999999993
-73.9448915206583,90.2146204589072,624524.713266241,87.3999999999993
-73.9465089248751,90.2147054585303,624477.650075443,87.4999999999993
-73.9487710940209,90.2148064517732,624430.496853973,87.5999999999993
-73.9497444667081,90.2148754958025,624383.253588325,87.6999999999993
-73.9513626053687,90.2149605335062,624335.920264967,87.7999999999993
-73.9529809898889,90.215045583958,624288.496870333,87.8999999999993
-73.9545996207918,90.2151306471854,624240.983390832,87.9999999999993
-73.9562184986011,90.2152157232157,624193.379812842,88.0999999999993
-73.9578376238408,90.2153008120762,624145.686122713,88.1999999999993
-73.9594569970352,90.2153859137945,624097.902306766,88.2999999999993
-73.9610766187093,90.2154710283978,624050.028351291,88.3999999999993
-73.9626964893881,90.2155561559138,624002.064242551,88.4999999999992
-73.9643166095975,90.2156412963698,623954.00996678,88.5999999999992
-73.9659369798633,90.2157264497933,623905.865510181,88.6999999999992
-73.9675576007122,90.2158116162119,623857.63085893,88.7999999999992
-73.969178472671,90.2158967956531,623809.305999172,88.8999999999992
-73.9707995962669,90.2159819881444,623760.890917024,88.9999999999992
-73.9724209720278,90.2160671937136,623712.385598573,89.0999999999992
-73.9740426004817,90.216152412388,623663.790029878,89.1999999999992
-73.9756644821572,90.2162376441955,623615.104196967,89.2999999999992
-73.9772866175834,90.2163228891636,623566.32808584,89.3999999999992
-73.9789090072896,90.2164081473199,623517.461682467,89.4999999999992
-73.9805316518055,90.2164934186923,623468.504972789,89.5999999999992
-73.9821545516616,90.2165787033084,623419.457942717,89.6999999999992
-73.9837777073885,90.2166640011959,623370.320578134,89.7999999999992
-73.9854011195172,90.2167493123826,623321.092864893,89.8999999999992
-73.9870247885794,90.2168346368963,623271.774788816,89.9999999999992
-73.9886487151069,90.2169199747648,623222.366335697,90.0999999999992
-73.9902728996322,90.2170053260159,623172.867491302,90.1999999999992
-73.9918973426881,90.2170906906774,623123.278241364,90.2999999999991
-73.9935220448078,90.2171760687773,623073.59857159,90.3999999999991
-73.995147006525,90.2172614603434,623023.828467654,90.4999999999991
-73.9967722283738,90.2173468654036,622973.967915204,90.5999999999991
-73.9983977108889,90.2174322839859,622924.016899855,90.6999999999991
-74.0000234546051,90.2175177161182,622873.975407195,90.7999999999991
-74.001649460058,90.2176031618285,622823.84342278,90.8999999999991
-74.0032757277833,90.2176886211449,622773.62093214,90.9999999999991
-74.0049022583174,90.2177740940953,622723.307920771,91.0999999999991
-74.006529052197,90.2178595807077,622672.904374142,91.1999999999991
-74.0081561099593,90.2179450810104,622622.410277691,91.2999999999991
-74.009783432142,90.2180305950313,622571.825616828,91.3999999999991
-74.0114110192831,90.2181161227986,622521.15037693,91.4999999999991
-74.0130388719211,90.2182016643404,622470.384543348,91.5999999999991
-74.014666990595,90.2182872196849,622419.528101399,91.6999999999991
-74.0162953758441,90.2183727888603,622368.581036375,91.7999999999991
-74.0179240282085,90.2184583718948,622317.543333534,91.8999999999991
-74.0195529482283,90.2185439688166,622266.414978106,91.999999999999
-74.0211821364443,90.218629579654,622215.195955291,92.099999999999
-74.0228115933977,90.2187152044353,622163.886250258,92.199999999999
-74.0244413196302,90.2188008431888,622112.485848147,92.299999999999
-74.0260713156839,90.2188864959427,622060.994734067,92.399999999999
-74.0277015821013,90.2189721627255,622009.412893099,92.499999999999
-74.0293321194256,90.2190578435656,621957.740310292,92.599999999999
-74.0309629282,90.2191435384912,621905.976970665,92.699999999999
-74.0325940089687,90.2192292475309,621854.122859208,92.799999999999
-74.034225362276,90.2193149707132,621802.177960879,92.899999999999
-74.0358569886667,90.2194007080664,621750.142260609,92.999999999999
-74.0374888886861,90.219486459619,621698.015743296,93.099999999999
-74.0391210628801,90.2195722253997,621645.798393808,93.199999999999
-74.0407535117949,90.2196580054368,621593.490196984,93.299999999999
-74.0423862359771,90.2197437997591,621541.091137632,93.399999999999
-74.0440192359741,90.2198296083951,621488.601200531,93.499999999999
-74.0456525123333,90.2199154313734,621436.020370426,93.599999999999
-74.0472860656029,90.2200012687226,621383.348632037,93.699999999999
-74.0489198963315,90.2200871204714,621330.585970048,93.7999999999989
-74.050554005068,90.2201729866485,621277.732369118,93.8999999999989
-74.0521883923621,90.2202588672826,621224.787813872,93.9999999999989
-74.0538230587638,90.2203447624025,621171.752288905,94.0999999999989
-74.0554580048234,90.2204306720369,621118.625778782,94.1999999999989
-74.057093231092,90.2205165962145,621065.408268038,94.2999999999989
-74.0587287381208,90.2206025349643,621012.099741178,94.3999999999989
-74.0603645264619,90.220688488315,620958.700182674,94.4999999999989
-74.0620005966676,90.2207744562955,620905.209576969,94.5999999999989
-74.0636369492907,90.2208604389347,620851.627908476,94.6999999999989
-74.0652735848846,90.2209464362615,620797.955161577,94.7999999999989
-74.066910504003,90.2210324483048,620744.191320622,94.8999999999989
-74.0685477072003,90.2211184750936,620690.336369932,94.9999999999989
-74.0701851950312,90.2212045166569,620636.390293796,95.0999999999989
-74.071822968051,90.2212905730237,620582.353076474,95.1999999999989
-74.0734610268154,90.221376644223,620528.224702192,95.2999999999989
-74.0750993718807,90.2214627302839,620474.00515515,95.3999999999989
-74.0767380038036,90.2215488312355,620419.694419512,95.4999999999988
-74.0783769231413,90.2216349471068,620365.292479415,95.5999999999988
-74.0800161304514,90.2217210779271,620310.799318964,95.6999999999988
-74.0816556262923,90.2218072237254,620256.214922233,95.7999999999988
-74.0832954112225,90.2218933845311,620201.539273263,95.8999999999988
-74.0849354858013,90.2219795603732,620146.772356068,95.9999999999988
-74.0865758505883,90.222065751281,620091.914154629,96.0999999999988
-74.0882165061437,90.2221519572838,620036.964652895,96.1999999999988
-74.0898574530281,90.2222381784109,619981.923834785,96.2999999999988
-74.0914986918029,90.2223244146916,619926.791684187,96.3999999999988
-74.0931402230295,90.2224106661552,619871.568184958,96.4999999999988
-74.0947820472701,90.2224969328312,619816.253320925,96.5999999999988
-74.0964241650876,90.2225832147488,619760.84707588,96.6999999999988
-74.0980665770449,90.2226695119376,619705.349433588,96.7999999999988
-74.0997092837059,90.2227558244269,619649.760377781,96.8999999999988
-74.1013522856346,90.2228421522463,619594.07989216,96.9999999999988
-74.1029955833958,90.2229284954253,619538.307960394,97.0999999999988
-74.1046391775547,90.2230148539933,619482.444566122,97.1999999999988
-74.106283068677,90.2231012279799,619426.48969295,97.2999999999987
-74.1079272573289,90.2231876174147,619370.443324456,97.3999999999987
-74.1095717440772,90.2232740223274,619314.305444182,97.4999999999987
-74.1112165294891,90.2233604427475,619258.076035643,97.5999999999987
-74.1128616141323,90.2234468787047,619201.755082319,97.6999999999987
-74.1145069985752,90.2235333302286,619145.34256766,97.7999999999987
-74.1161526833866,90.2236197973491,619088.838475086,97.8999999999987
-74.1177986691356,90.2237062800958,619032.242787983,97.9999999999987
-74.1194449563923,90.2237927784985,618975.555489707,98.0999999999987
-74.1210915457269,90.223879292587,618918.776563582,98.1999999999987
-74.1227384377103,90.2239658223911,618861.9059929,98.2999999999987
-74.124385632914,90.2240523679407,618804.943760922,98.3999999999987
-74.1260331319098,90.2241389292657,618747.889850877,98.4999999999987
-74.1276809352701,90.2242255063958,618690.744245963,98.5999999999987
-74.129329043568,90.2243120993612,618633.506929344,98.6999999999987
-74.130977457377,90.2243987081916,618576.177884156,98.7999999999987
-74.1326261772711,90.2244853329172,618518.757093501,98.8999999999987
-74.1342752038248,90.2245719735679,618461.244540448,98.9999999999987
-74.1359245376132,90.2246586301738,618403.640208036,99.0999999999986
-74.1375741792121,90.2247453027649,618345.944079273,99.1999999999986
-74.1392241291975,90.2248319913713,618288.156137132,99.2999999999986
-74.1408743881461,90.2249186960232,618230.276364557,99.3999999999986
-74.1425249566351,90.2250054167506,618172.304744459,99.4999999999986
-74.1441758352425,90.2250921535838,618114.241259716,99.5999999999986
-74.1458270245463,90.2251789065531,618056.085893176,99.6999999999986
-74.1474785251256,90.2252656756885,617997.838627654,99.7999999999986
-74.1491303375596,90.2253524610204,617939.499445932,99.8999999999986
-74.1507824624284,90.225439262579,617881.068330761,99.9999999999986
-74.1524349003123,90.2255260803948,617822.54526486,100.099999999999
-74.1540876517925,90.225612914498,617763.930230915,100.199999999999
-74.1557407174505,90.2256997649189,617705.223211581,100.299999999999
-74.1573940978684,90.2257866316881,617646.424189479,100.399999999999
-74.1590477936289,90.225873514836,617587.5331472,100.499999999999
-74.1607018053152,90.2259604143929,617528.550067301,100.599999999999
-74.162356133511,90.2260473303894,617469.474932308,100.699999999999
-74.1640107788008,90.2261342628561,617410.307724712,100.799999999999
-74.1656657417694,90.2262212118234,617351.048426976,100.899999999999
-74.1673210230021,90.2263081773219,617291.697021526,100.999999999999
-74.1689766230851,90.2263951593823,617232.253490759,101.099999999999
-74.1706325426048,90.2264821580351,617172.717817038,101.199999999999
-74.1722887821484,90.226569173311,617113.089982694,101.299999999999
-74.1739453423036,90.2266562052408,617053.369970024,101.399999999999
-74.1756022236585,90.2267432538551,616993.557761296,101.499999999999
-74.1772594268019,90.2268303191847,616933.65333874,101.599999999999
-74.1789169523233,90.2269174012604,616873.65668456,101.699999999999
-74.1805748008126,90.227004500113,616813.567780921,101.799999999998
-74.1822329728601,90.2270916157733,616753.386609959,101.899999999998
-74.1838914690571,90.2271787482721,616693.113153777,101.999999999998
-74.1855502899952,90.2272658976405,616632.747394445,102.099999999998
-74.1872094362665,90.2273530639092,616572.289313998,102.199999999998
-74.1888689084638,90.2274402471094,616511.738894443,102.299999999998
-74.1905287071804,90.2275274472719,616451.096117749,102.399999999998
-74.1921888330104,90.2276146644277,616390.360965856,102.499999999998
-74.1938492865482,90.2277018986079,616329.533420668,102.599999999998
-74.1955100683889,90.2277891498437,616268.613464059,102.699999999998
-74.1971711791281,90.227876418166,616207.601077868,102.799999999998
-74.1988326193621,90.2279637036061,616146.496243902,102.899999999998
-74.2004943896877,90.2280510061951,616085.298943934,102.999999999998
-74.2021564907024,90.2281383259641,616024.009159706,103.099999999998
-74.203818923004,90.2282256629445,615962.626872924,103.199999999998
-74.2054816871912,90.2283130171675,615901.152065263,103.299999999998
-74.2071447838632,90.2284003886643,615839.584718363,103.399999999998
-74.2088082136197,90.2284877774663,615777.924813835,103.499999999998
-74.210471977061,90.2285751836048,615716.172333251,103.599999999998
-74.2121360747881,90.2286626071113,615654.327258154,103.699999999998
-74.2138005074025,90.228750048017,615592.389570051,103.799999999998
-74.2154652755064,90.2288375063536,615530.359250419,103.899999999998
-74.2171303797024,90.2289249821523,615468.236280698,103.999999999998
-74.2187958205938,90.2290124754448,615406.020642296,104.099999999998
-74.2204615987847,90.2290999862626,615343.71231659,104.199999999998
-74.2221277148794,90.2291875146372,615281.311284919,104.299999999998
-74.2237941694831,90.2292750606002,615218.817528591,104.399999999998
-74.2254609632015,90.2293626241833,615156.231028882,104.499999999998
-74.227128096641,90.2294502054182,615093.551767032,104.599999999998
-74.2287955704084,90.2295378043364,615030.779724248,104.699999999998
-74.2304633851113,90.2296254209697,614967.914881704,104.799999999998
-74.2321315413579,90.22971305535,614904.95722054,104.899999999998
-74.2338000397568,90.2298007075089,614841.906721862,104.999999999998
-74.2354688809175,90.2298883774783,614778.763366743,105.099999999998
-74.2371380654499,90.22997606529,614715.527136221,105.199999999998
-74.2388075939646,90.2300637709759,614652.198011303,105.299999999998
-74.2404774670728,90.230151494568,614588.775972957,105.399999999998
-74.2421476853862,90.2302392360981,614525.261002124,105.499999999998
-74.2438182495175,90.2303269955983,614461.653079705,105.599999999998
-74.2454891600795,90.2304147731005,614397.95218657,105.699999999998
-74.247160417686,90.2305025686368,614334.158303556,105.799999999998
-74.2488320229513,90.2305903822393,614270.271411463,105.899999999998
-74.2505039764902,90.2306782139401,614206.29149106,105.999999999998
-74.2521762789184,90.2307660637712,614142.21852308,106.099999999998
-74.253848930852,90.230853931765,614078.052488222,106.199999999998
-74.2555219329078,90.2309418179535,614013.793367152,106.299999999998
-74.2571952857032,90.231029722369,613949.4411405,106.399999999998
-74.2588689898564,90.2311176450438,613884.995788865,106.499999999998
-74.2605430459858,90.2312055860102,613820.457292809,106.599999999998
-74.262217454711,90.2312935453005,613755.82563286,106.699999999998
-74.2638922166518,90.2313815229471,613691.100789513,106.799999999998
-74.2655673324289,90.2314695189824,613626.282743227,106.899999999998
-74.2672428026635,90.2315575334388,613561.371474428,106.999999999998
-74.2689186279774,90.2316455663488,613496.366963507,107.099999999998
-74.2705948089932,90.2317336177448,613431.269190822,107.199999999998
-74.2722713463341,90.2318216876595,613366.078136693,107.299999999998
-74.2739482406237,90.2319097761253,613300.793781409,107.399999999998
-74.2756254924866,90.2319978831749,613235.416105223,107.499999999998
-74.2773031025479,90.232086008841,613169.945088353,107.599999999998
-74.2789810714332,90.2321741531561,613104.380710984,107.699999999998
-74.2806593997691,90.2322623161529,613038.722953264,107.799999999998
-74.2823380881824,90.2323504978643,612972.971795309,107.899999999998
-74.284017137301,90.2324386983229,612907.127217198,107.999999999998
-74.2856965477531,90.2325269175617,612841.189198977,108.099999999998
-74.2873763201678,90.2326151556133,612775.157720656,108.199999999998
-74.2890564551747,90.2327034125107,612709.03276221,108.299999999998
-74.2907369534041,90.2327916882868,612642.814303579,108.399999999998
-74.292417815487,90.2328799829745,612576.502324671,108.499999999998
-74.2940990420551,90.2329682966068,612510.096805355,108.599999999998
-74.2957806337406,90.2330566292167,612443.597725468,108.699999999998
-74.2974625911765,90.2331449808373,612377.005064809,108.799999999998
-74.2991449149965,90.2332333515016,612310.318803146,108.899999999998
-74.3008276058348,90.2333217412427,612243.538920208,108.999999999998
-74.3025106643263,90.2334101500937,612176.665395692,109.099999999998
-74.3041940911069,90.233498578088,612109.698209257,109.199999999998
-74.3058778868126,90.2335870252586,612042.637340529,109.299999999998
-74.3075620520806,90.2336754916388,611975.482769097,109.399999999998
-74.3092465875485,90.2337639772619,611908.234474517,109.499999999998
-74.3109314938547,90.2338524821612,611840.892436309,109.599999999998
-74.312616771638,90.2339410063701,611773.456633955,109.699999999998
-74.3143024215383,90.234029549922,611705.927046904,109.799999999998
-74.3159884441959,90.2341181128502,611638.30365457,109.899999999998
-74.3176748402518,90.2342066951883,611570.586436331,109.999999999998
-74.3193616103479,90.2342952969698,611502.775371529,110.099999999998
-74.3210487551265,90.2343839182281,611434.870439471,110.199999999998
-74.3227362752307,90.2344725589969,611366.871619427,110.299999999998
-74.3244241713043,90.2345612193098,611298.778890634,110.399999999998
-74.3261124439919,90.2346498992003,611230.592232291,110.499999999998
-74.3278010939387,90.2347385987022,611162.311623562,110.599999999998
-74.3294901217904,90.2348273178492,611093.937043577,110.699999999998
-74.3311795281937,90.2349160566749,611025.468471428,110.799999999998
-74.3328693137958,90.2350048152133,610956.905886171,110.899999999998
-74.3345594792448,90.2350935934981,610888.249266828,110.999999999998
-74.3362500251892,90.2351823915633,610819.498592385,111.099999999998
-74.3379409522785,90.2352712094425,610750.653841789,111.199999999998
-74.3396322611628,90.2353600471699,610681.714993956,111.299999999998
-74.3413239524927,90.2354489047794,610612.682027762,111.399999999998
-74.3430160269199,90.2355377823049,610543.554922048,111.499999999998
-74.3447084850964,90.2356266797805,610474.333655621,111.599999999998
-74.3464013276752,90.2357155972403,610405.018207248,111.699999999998
-74.3480945553099,90.2358045347184,610335.608555664,111.799999999998
-74.3497881686549,90.235893492249,610266.104679564,111.899999999998
-74.3514821683651,90.2359824698661,610196.506557609,111.999999999998
-74.3531765550964,90.2360714676042,610126.814168425,112.099999999998
-74.3548713295051,90.2361604854973,610057.027490598,112.199999999998
-74.3565664922486,90.2362495235799,609987.146502681,112.299999999998
-74.3582620439846,90.2363385818862,609917.171183188,112.399999999998
-74.3599579853719,90.2364276604507,609847.1015106,112.499999999998
-74.3616543170698,90.2365167593076,609776.937463357,112.599999999998
-74.3633510397384,90.2366058784916,609706.679019866,112.699999999998
-74.3650481540385,90.236695018037,609636.326158497,112.799999999998
-74.3667456606317,90.2367841779784,609565.878857582,112.899999999998
-74.3684435601802,90.2368733583504,609495.337095417,112.999999999998
-74.370141853347,90.2369625591875,609424.700850261,113.099999999998
-74.3718405407958,90.2370517805244,609353.970100339,113.199999999998
-74.3735396231912,90.2371410223957,609283.144823835,113.299999999998
-74.3752391011984,90.2372302848363,609212.224998898,113.399999999998
-74.3769389754833,90.2373195678808,609141.210603642,113.499999999998
-74.3786392467125,90.237408871564,609070.101616142,113.599999999998
-74.3803399155536,90.2374981959207,608998.898014435,113.699999999998
-74.3820409826747,90.2375875409859,608927.599776525,113.799999999998
-74.3837424487447,90.2376769067944,608856.206880376,113.899999999998
-74.3854443144333,90.2377662933812,608784.719303915,113.999999999998
-74.387146580411,90.2378557007812,608713.137025034,114.099999999998
-74.3888492473488,90.2379451290295,608641.460021585,114.199999999998
-74.3905523159187,90.2380345781611,608569.688271384,114.299999999998
-74.3922557867934,90.2381240482112,608497.821752212,114.399999999998
-74.3939596606464,90.2382135392149,608425.860441809,114.499999999998
-74.3956639381517,90.2383030512073,608353.804317881,114.599999999998
-74.3973686199844,90.2383925842238,608281.653358095,114.699999999998
-74.3990737068202,90.2384821382994,608209.40754008,114.799999999998
-74.4007791993355,90.2385717134696,608137.066841429,114.899999999998
-74.4024850982075,90.2386613097697,608064.631239698,114.999999999998
-74.4041914041144,90.238750927235,607992.100712403,115.099999999998
-74.4058981177348,90.238840565901,607919.475237026,115.199999999998
-74.4076052397483,90.2389302258032,607846.754791007,115.299999999998
-74.4093127708352,90.2390199069769,607773.939351753,115.399999999998
-74.4110207116765,90.2391096094579,607701.02889663,115.499999999998
-74.4127290629542,90.2391993332815,607628.023402968,115.599999999998
-74.4144378253509,90.2392890784836,607554.922848059,115.699999999998
-74.4161469995499,90.2393788450996,607481.727209156,115.799999999998
-74.4178565862355,90.2394686331654,607408.436463476,115.899999999998
-74.4195665860927,90.2395584427166,607335.050588196,115.999999999998
-74.4212769998072,90.2396482737891,607261.569560458,116.099999999998
-74.4229878280655,90.2397381264186,607187.993357364,116.199999999998
-74.424699071555,90.239828000641,607114.321955977,116.299999999998
-74.4264107309638,90.2399178964923,607040.555333325,116.399999999998
-74.4281228069808,90.2400078140083,606966.693466395,116.499999999998
-74.4298353002958,90.2400977532251,606892.736332138,116.599999999998
-74.4315482115991,90.2401877141787,606818.683907466,116.699999999998
-74.4332615415821,90.2402776969051,606744.536169251,116.799999999998
-74.4349752909369,90.2403677014404,606670.293094331,116.899999999998
-74.4366894603563,90.2404577278209,606595.954659501,116.999999999998
-74.4384040505342,90.2405477760827,606521.520841521,117.099999999998
-74.4401190621649,90.2406378462619,606446.991617111,117.199999999998
-74.4418344959437,90.240727938395,606372.366962953,117.299999999998
-74.4435503525667,90.2408180525182,606297.64685569,117.399999999998
-74.445266632731,90.2409081886679,606222.831271927,117.499999999998
-74.4469833371341,90.2409983468805,606147.920188231,117.599999999998
-74.4487004664746,90.2410885271923,606072.91358113,117.699999999998
-74.450418021452,90.24117872964,605997.811427111,117.799999999998
-74.4521360027662,90.2412689542601,605922.613702627,117.899999999998
-74.4538544111184,90.241359201089,605847.320384088,117.999999999998
-74.4555732472102,90.2414494701634,605771.931447866,118.099999999998
-74.4572925117444,90.24153976152,605696.446870297,118.199999999998
-74.4590122054245,90.2416300751955,605620.866627676,118.299999999998
-74.4607323289545,90.2417204112266,605545.190696257,118.399999999998
-74.4624528830397,90.2418107696501,605469.419052259,118.499999999998
-74.464173868386,90.2419011505029,605393.551671859,118.599999999998
-74.4658952857001,90.2419915538217,605317.588531197,118.699999999998
-74.4676171356896,90.2420819796435,605241.529606373,118.799999999998
-74.469339419063,90.2421724280052,605165.374873447,118.899999999998
-74.4710621365295,90.242262898944,605089.12430844,118.999999999998
-74.4727852887992,90.2423533924967,605012.777887336,119.099999999998
-74.474508876583,90.2424439087005,604936.335586077,119.199999999998
-74.4762329005928,90.2425344475926,604859.797380567,119.299999999998
-74.4779573615411,90.24262500921,604783.163246669,119.399999999997
-74.4796822601414,90.24271559359,604706.43316021,119.499999999997
-74.4814075971081,90.24280620077,604629.607096974,119.599999999997
-74.4831333731562,90.242896830787,604552.685032707,119.699999999997
-74.4848595890018,90.2429874836787,604475.666943115,119.799999999997
-74.4865862453619,90.2430781594822,604398.552803865,119.899999999997
-74.488313342954,90.2431688582351,604321.342590583,119.999999999997
-74.4900408824968,90.2432595799749,604244.036278858,120.099999999997
-74.4917688647098,90.243350324739,604166.633844235,120.199999999997
-74.4934972903132,90.2434410925651,604089.135262224,120.299999999997
-74.4952261600282,90.2435318834907,604011.540508291,120.399999999997
-74.4969554745768,90.2436226975536,603933.849557865,120.499999999997
-74.498685234682,90.2437135347914,603856.062386333,120.599999999997
-74.5004154410674,90.2438043952418,603778.178969044,120.699999999997
-74.5021460944578,90.2438952789428,603700.199281304,120.799999999997
-74.5038771955786,90.243986185932,603622.123298382,120.899999999997
-74.5056087451563,90.2440771162475,603543.950995506,120.999999999997
-74.507340743918,90.2441680699272,603465.682347862,121.099999999997
-74.5090731925919,90.2442590470089,603387.317330597,121.199999999997
-74.5108060919071,90.2443500475308,603308.855918819,121.299999999997
-74.5125394425934,90.244441071531,603230.298087595,121.399999999997
-74.5142732453817,90.2445321190474,603151.643811949,121.499999999997
-74.5160075010036,90.2446231901184,603072.893066868,121.599999999997
-74.5177422101916,90.2447142847821,602994.045827296,121.699999999997
-74.5194773736793,90.2448054030767,602915.102068139,121.799999999997
-74.5212129922009,90.2448965450406,602836.061764261,121.899999999997
-74.5229490664917,90.2449877107121,602756.924890484,121.999999999997
-74.5246855972878,90.2450789001296,602677.691421592,122.099999999997
-74.5264225853263,90.2451701133315,602598.361332326,122.199999999997
-74.5281600313452,90.2452613503564,602518.934597388,122.299999999997
-74.5298979360832,90.2453526112428,602439.411191437,122.399999999997
-74.53163630028,90.2454438960292,602359.791089094,122.499999999997
-74.5333751246764,90.2455352047542,602280.074264937,122.599999999997
-74.5351144100139,90.2456265374567,602200.260693502,122.699999999997
-74.536854157035,90.2457178941752,602120.350349288,122.799999999997
-74.5385943664829,90.2458092749485,602040.343206749,122.899999999997
-74.5403350391022,90.2459006798155,601960.239240299,122.999999999997
-74.5420761756378,90.245992108815,601880.038424312,123.099999999997
-74.5438177768361,90.246083561986,601799.740733119,123.199999999997
-74.545559843444,90.2461750393674,601719.346141011,123.299999999997
-74.5473023762095,90.2462665409981,601638.854622237,123.399999999997
-74.5490453758815,90.2463580669174,601558.266151005,123.499999999997
-74.5507888432099,90.2464496171642,601477.580701482,123.599999999997
-74.5525327789453,90.2465411917777,601396.798247791,123.699999999997
-74.5542771838396,90.2466327907971,601315.918764017,123.799999999997
-74.5560220586452,90.2467244142617,601234.942224201,123.899999999997
-74.5577674041159,90.2468160622108,601153.868602343,123.999999999997
-74.559513221006,90.2469077346837,601072.697872402,124.099999999997
-74.561259510071,90.2469994317198,600991.430008295,124.199999999997
-74.5630062720673,90.2470911533586,600910.064983895,124.299999999997
-74.5647535077522,90.2471828996395,600828.602773037,124.399999999997
-74.566501217884,90.2472746706021,600747.043349511,124.499999999997
-74.5682494032218,90.247366466286,600665.386687067,124.599999999997
-74.5699980645259,90.2474582867308,600583.632759411,124.699999999997
-74.5717472025575,90.2475501319762,600501.781540209,124.799999999997
-74.5734968180785,90.247642002062,600419.833003084,124.899999999997
-74.5752469118519,90.2477338970279,600337.787121615,124.999999999997
-74.5769974846419,90.2478258169138,600255.643869343,125.099999999997
-74.5787485372132,90.2479177617596,600173.403219763,125.199999999997
-74.580500070332,90.2480097316051,600091.065146329,125.299999999997
-74.582252084765,90.2481017264905,600008.629622453,125.399999999997
